{
  "IcoMoonType": "selection",
  "icons": [
    {
      "icon": {
        "paths": [
          "M40.079 466.748c-24.994 24.99-24.994 65.515 0 90.509l407.294 407.292c24.994 24.994 65.515 24.994 90.509 0s24.994-65.515 0-90.509l-362.039-362.039 362.039-362.038c24.994-24.994 24.994-65.516 0-90.51s-65.515-24.994-90.509 0l-407.294 407.296zM4949.333 448h-4864v128h4864v-128z"
        ],
        "attrs": [
          {
            "fill": "rgb(90, 89, 89)"
          }
        ],
        "width": 4949,
        "isMulticolor": false,
        "isMulticolor2": false,
        "grid": 0,
        "tags": [
          "icon-left-arrow-114"
        ],
        "colorPermutations": {
          "1741531112552552551": [
            {
              "f": 0
            }
          ]
        }
      },
      "attrs": [
        {
          "fill": "rgb(90, 89, 89)"
        }
      ],
      "properties": {
        "order": 50,
        "id": 15,
        "name": "icon-left-arrow-114",
        "prevSize": 16
      },
      "setIdx": 1,
      "setId": 2,
      "iconIdx": 0
    },
    {
      "icon": {
        "paths": [
          "M40.079 466.748c-24.994 24.99-24.994 65.515 0 90.509l407.294 407.292c24.994 24.994 65.515 24.994 90.509 0s24.994-65.515 0-90.509l-362.039-362.039 362.039-362.038c24.994-24.994 24.994-65.516 0-90.51s-65.515-24.994-90.509 0l-407.294 407.296zM6229.333 448h-6144v128h6144v-128z"
        ],
        "attrs": [
          {
            "fill": "rgb(90, 89, 89)"
          }
        ],
        "width": 6229,
        "isMulticolor": false,
        "isMulticolor2": false,
        "grid": 0,
        "tags": [
          "icon-left-arrow-144"
        ],
        "colorPermutations": {
          "1741531112552552551": [
            {
              "f": 0
            }
          ]
        }
      },
      "attrs": [
        {
          "fill": "rgb(90, 89, 89)"
        }
      ],
      "properties": {
        "order": 49,
        "id": 14,
        "name": "icon-left-arrow-144",
        "prevSize": 16
      },
      "setIdx": 1,
      "setId": 2,
      "iconIdx": 1
    }
  ],
  "height": 1024,
  "preferences": {
    "showGlyphs": true,
    "showQuickUse": true,
    "showQuickUse2": true,
    "showSVGs": true,
    "fontPref": {
      "prefix": "icon-",
      "metadata": {
        "fontFamily": "icomoon"
      },
      "metrics": {
        "emSize": 1024,
        "baseline": 6.25,
        "whitespace": 50
      },
      "embed": false
    },
    "imagePref": {
      "prefix": "icon-",
      "png": true,
      "useClassSelector": true,
      "color": 0,
      "bgColor": 16777215,
      "classSelector": ".icon",
      "name": "icomoon"
    },
    "historySize": 50,
    "showCodes": true,
    "gridSize": 16,
    "showGrid": false
  }
}